Name,Phone Number,Email Address
Perez Erika,1-202-55-0147,Perez@helpinghands.cm
Smith Janeth,1-202-55-0148,Smith@helpinghands.cm
Ramiraz Noe,1-202-55-0149,Ramiraz@helpinghands.cm
Renato A.,1-202-55-0150,Renato@helpinghands.cm
Alcivar Renator,1-202-55-0151,Alcivar@helpinghands.cm
Daniel John ,1-202-55-0152,Daniel@helpinghands.cm
Perez Kevin,1-202-55-0153,Perez@helpinghands.cm
Johnson Jack,1-202-55-0154,Johnson@helpinghands.cm
Alcivar Mark,1-202-55-0155,Alcivar@helpinghands.cm
Perez Paco,1-202-55-0156,Perez@helpinghands.cm
Lago Carlos,1-202-55-0157,Lago@helpinghands.cm
Gates Bill,1-202-55-0158,Gates@helpinghands.cm
Buffet Warren,1-202-55-0159,Buffet@helpinghands.cm
Jordan Michael,1-202-55-0160,Jordan@helpinghands.cm
Clinton Hillary,1-202-55-0161,Clinton@helpinghands.cm
Banderas Antonio,1-202-55-0162,Banderas@helpinghands.cm
Miret Roly,1-202-55-0163,Miret@helpinghands.cm
Appleseed John,1-202-55-0164,Appleseed@helpinghands.cm
Ankit Jain,1-202-55-0165,Ankit@helpinghands.cm
Birender Saiijwal,1-202-55-0166,Birender@helpinghands.cm
Manish Thakur,1-202-55-0167,Manish@helpinghands.cm
Ruchi Gupta,1-202-55-0168,Ruchi@helpinghands.cm
Brijesh Sen Dutta,1-202-55-0169,Brijesh@helpinghands.cm
Danoj Shah,1-202-55-0170,Danoj@helpinghands.cm
Ayan Mukherjee,1-202-55-0171,Ayan@helpinghands.cm
Mukesh Baghri,1-202-55-0172,Mukesh@helpinghands.cm
Rathnakar Raju,1-202-55-0173,Rathnakar@helpinghands.cm
Sayed Meherban,1-202-55-0174,Sayed@helpinghands.cm
Sonia Mehra,1-202-55-0175,Sonia@handsinhands.org
